{
	"info": {
		"_postman_id": "9ce0e059-1ed2-49fa-a14e-235473ae0474",
		"name": "Testes FIFA21",
		"schema": "https://schema.getpostman.com/json/collection/v2.1.0/collection.json",
		"_exporter_id": "47661568",
		"_collection_link": "https://palomandepaula-6629725.postman.co/workspace/teste1~ff13a559-d674-4d1b-9038-841c5b977905/collection/47661568-9ce0e059-1ed2-49fa-a14e-235473ae0474?action=share&source=collection_link&creator=47661568"
	},
	"item": [
		{
			"name": "TESTE-001 - Listar todos os jogadores",
			"event": [
				{
					"listen": "test",
					"script": {
						"exec": [
							"// Verifica se o status da resposta é 200 (OK)",
							"pm.test(\"Status code is 200\", function () {",
							"    pm.response.to.have.status(200);",
							"});",
							"",
							"// Verifica se a resposta é um JSON válido",
							"pm.test(\"Response is JSON\", function () {",
							"    pm.response.to.be.json;",
							"});",
							"",
							"// Verifica se a lista de jogadores está na chave 'data' e é um array",
							"pm.test(\"A lista de jogadores está na chave 'data'\", function () {",
							"    const responseData = pm.response.json();",
							"    pm.expect(responseData.data).to.be.an('array');",
							"});",
							"",
							"// Verifica se a mensagem de resposta é 'success'",
							"pm.test(\"A mensagem de resposta é 'success'\", function () {",
							"    const responseData = pm.response.json();",
							"    pm.expect(responseData.message).to.eql('success');",
							"});"
						],
						"type": "text/javascript",
						"packages": {}
					}
				}
			],
			"request": {
				"method": "GET",
				"header": [],
				"url": {
					"raw": "http://localhost:3000/api/players",
					"protocol": "http",
					"host": [
						"localhost"
					],
					"port": "3000",
					"path": [
						"api",
						"players"
					]
				}
			},
			"response": []
		},
		{
			"name": "TESTE-002 - Listar Jogadores pelo Nome",
			"event": [
				{
					"listen": "test",
					"script": {
						"exec": [
							"pm.test(\"Status code is 200 OK\", function () {",
							"    pm.response.to.have.status(200);",
							"});",
							"",
							"pm.test(\"A busca por nome retornou jogadores\", function () {",
							"    const responseData = pm.response.json();",
							"    pm.expect(responseData.data).to.be.an('array');",
							"    pm.expect(responseData.data.length).to.be.above(0);",
							"});",
							"",
							"pm.test(\"O nome do primeiro jogador contém 'Neymar'\", function () {",
							"    const responseData = pm.response.json();",
							"    const firstPlayerName = responseData.data[0].long_name;",
							"    pm.expect(firstPlayerName).to.include('Neymar');",
							"});"
						],
						"type": "text/javascript",
						"packages": {}
					}
				}
			],
			"request": {
				"method": "GET",
				"header": [],
				"url": {
					"raw": "{{url_base}}/api/players/search?name=Neymar",
					"host": [
						"{{url_base}}"
					],
					"path": [
						"api",
						"players",
						"search"
					],
					"query": [
						{
							"key": "name",
							"value": "Neymar"
						}
					]
				}
			},
			"response": []
		},
		{
			"name": "TESTE-003 - Listar Jogadores por Equipe",
			"event": [
				{
					"listen": "test",
					"script": {
						"exec": [
							"pm.test(\"Status code is 200 OK\", function () {",
							"    pm.response.to.have.status(200);",
							"});",
							"",
							"pm.test(\"A busca retornou jogadores para a equipe 'Real Madrid'\", function () {",
							"    const responseData = pm.response.json();",
							"    pm.expect(responseData.data).to.be.an('array');",
							"    pm.expect(responseData.data.length).to.be.above(0);",
							"});",
							"",
							"pm.test(\"Todos os jogadores retornados são do 'Real Madrid'\", function () {",
							"    const responseData = pm.response.json();",
							"    const allPlayersAreFromRealMadrid = responseData.data.every(player => player.club_name === 'Real Madrid');",
							"    pm.expect(allPlayersAreFromRealMadrid).to.be.true;",
							"});"
						],
						"type": "text/javascript",
						"packages": {}
					}
				}
			],
			"request": {
				"method": "GET",
				"header": [],
				"url": {
					"raw": "http://localhost:3000/api/players/search?team=Real Madrid",
					"protocol": "http",
					"host": [
						"localhost"
					],
					"port": "3000",
					"path": [
						"api",
						"players",
						"search"
					],
					"query": [
						{
							"key": "team",
							"value": "Real Madrid"
						}
					]
				}
			},
			"response": []
		},
		{
			"name": "TESTE-004 - Listar Jogadores por Liga",
			"event": [
				{
					"listen": "test",
					"script": {
						"exec": [
							"pm.test(\"Status code is 200 OK\", function () {",
							"    pm.response.to.have.status(200);",
							"});",
							"",
							"pm.test(\"A busca retornou jogadores para a liga 'Spanish Primera Division'\", function () {",
							"    const responseData = pm.response.json();",
							"    pm.expect(responseData.data).to.be.an('array');",
							"    pm.expect(responseData.data.length).to.be.above(0);",
							"});",
							"",
							"pm.test(\"A liga do primeiro jogador retornado é 'Spanish Primera Division'\", function () {",
							"    const responseData = pm.response.json();",
							"    const firstPlayerLeague = responseData.data[0].league_name;",
							"    pm.expect(firstPlayerLeague).to.eql('Spanish Primera Division');",
							"});"
						],
						"type": "text/javascript",
						"packages": {}
					}
				}
			],
			"request": {
				"method": "GET",
				"header": [],
				"url": {
					"raw": "{{url_base}}/api/players/search?league=Spanish Primera Division",
					"host": [
						"{{url_base}}"
					],
					"path": [
						"api",
						"players",
						"search"
					],
					"query": [
						{
							"key": "league",
							"value": "Spanish Primera Division"
						}
					]
				}
			},
			"response": []
		},
		{
			"name": "TESTE-005 - Listar Jogadores por Nacionalidade",
			"event": [
				{
					"listen": "test",
					"script": {
						"exec": [
							"pm.test(\"Status code is 200 OK\", function () {",
							"    pm.response.to.have.status(200);",
							"});",
							"",
							"pm.test(\"A busca retornou jogadores brasileiros\", function () {",
							"    const responseData = pm.response.json();",
							"    pm.expect(responseData.data).to.be.an('array');",
							"    pm.expect(responseData.data.length).to.be.above(0);",
							"});",
							"",
							"pm.test(\"A nacionalidade do primeiro jogador retornado é 'Brazil'\", function () {",
							"    const responseData = pm.response.json();",
							"    pm.expect(responseData.data[0].nationality).to.eql('Brazil');",
							"});"
						],
						"type": "text/javascript",
						"packages": {}
					}
				}
			],
			"request": {
				"method": "GET",
				"header": [],
				"url": {
					"raw": "{{url_base}}/api/players/search?nationality=Brazi",
					"host": [
						"{{url_base}}"
					],
					"path": [
						"api",
						"players",
						"search"
					],
					"query": [
						{
							"key": "nationality",
							"value": "Brazi"
						}
					]
				}
			},
			"response": []
		},
		{
			"name": "TESTE-006 - Listar Jogadores por Posição",
			"event": [
				{
					"listen": "test",
					"script": {
						"exec": [
							"pm.test(\"Status code is 200 OK\", function () {",
							"    pm.response.to.have.status(200);",
							"});",
							"",
							"pm.test(\"A busca retornou jogadores para a posição 'GK'\", function () {",
							"    const responseData = pm.response.json();",
							"    pm.expect(responseData.data).to.be.an('array');",
							"    pm.expect(responseData.data.length).to.be.above(0);",
							"});",
							"",
							"pm.test(\"A posição do primeiro jogador retornado é 'GK'\", function () {",
							"    const responseData = pm.response.json();",
							"    pm.expect(responseData.data[0].player_positions).to.include('GK');",
							"});"
						],
						"type": "text/javascript",
						"packages": {}
					}
				}
			],
			"request": {
				"method": "GET",
				"header": [],
				"url": {
					"raw": "{{url_base}}/api/players/search?position=GK",
					"host": [
						"{{url_base}}"
					],
					"path": [
						"api",
						"players",
						"search"
					],
					"query": [
						{
							"key": "position",
							"value": "GK"
						}
					]
				}
			},
			"response": []
		},
		{
			"name": "TESTE-007 - Listar os Detalhes do Jogador",
			"event": [
				{
					"listen": "test",
					"script": {
						"exec": [
							"pm.test(\"Status code is 200 OK\", function () {",
							"    pm.response.to.have.status(200);",
							"});",
							"",
							"pm.test(\"O jogador retornado tem o ID e o nome corretos\", function () {",
							"    const responseData = pm.response.json();",
							"    pm.expect(responseData.sofifa_id).to.eql(158023);",
							"    pm.expect(responseData.long_name).to.eql('Lionel Messi');",
							"});"
						],
						"type": "text/javascript",
						"packages": {}
					}
				}
			],
			"request": {
				"method": "GET",
				"header": [],
				"url": {
					"raw": "{{url_base}}/api/players/158023",
					"host": [
						"{{url_base}}"
					],
					"path": [
						"api",
						"players",
						"158023"
					]
				}
			},
			"response": []
		},
		{
			"name": "TESTE-008 - Lista dos melhores jogadores K",
			"event": [
				{
					"listen": "test",
					"script": {
						"exec": [
							"// Verifica se o status da resposta é 200 (OK)",
							"pm.test(\"Status code is 200\", function () {",
							"    pm.response.to.have.status(200);",
							"});",
							"",
							"// Verifica se a resposta é um JSON válido",
							"pm.test(\"Response is JSON\", function () {",
							"    pm.response.to.be.json;",
							"});",
							"",
							"// Verifica se o array contém 10 jogadores",
							"pm.test(\"Retornou 10 jogadores\", function () {",
							"    const responseData = pm.response.json();",
							"    pm.expect(responseData.data.length).to.eql(10);",
							"});",
							"",
							"// Verifica se os jogadores estão ordenados por overall (do maior para o menor)",
							"pm.test(\"Jogadores ordenados por 'overall'\", function () {",
							"    const responseData = pm.response.json();",
							"    const players = responseData.data;",
							"    let isSorted = true;",
							"    for (let i = 0; i < players.length - 1; i++) {",
							"        if (players[i].overall < players[i + 1].overall) {",
							"            isSorted = false;",
							"            break;",
							"        }",
							"    }",
							"    pm.expect(isSorted).to.be.true;",
							"});",
							""
						],
						"type": "text/javascript",
						"packages": {}
					}
				}
			],
			"request": {
				"method": "GET",
				"header": [],
				"url": {
					"raw": "{{url_base}}/api/players/top/10/overall",
					"host": [
						"{{url_base}}"
					],
					"path": [
						"api",
						"players",
						"top",
						"10",
						"overall"
					]
				}
			},
			"response": []
		},
		{
			"name": "TESTE-009 - Melhores Jogadores K por Posição",
			"event": [
				{
					"listen": "test",
					"script": {
						"exec": [
							"// Teste 1: Verifica se a requisição foi bem-sucedida (Status Code 200)",
							"pm.test(\"Status code is 200 OK\", function () {",
							"    pm.response.to.have.status(200);",
							"});",
							"",
							"// Teste 2: Verifica se a requisição retorna exatamente 5 jogadores",
							"pm.test(\"A requisição retorna exatamente 5 jogadores\", function () {",
							"    const responseData = pm.response.json();",
							"    pm.expect(responseData.data).to.be.an('array');",
							"    pm.expect(responseData.data.length).to.eql(5);",
							"});",
							"",
							"// Teste 3: Verifica se todos os jogadores têm a posição 'GK'",
							"pm.test(\"Todos os jogadores têm a posição 'GK'\", function () {",
							"    const responseData = pm.response.json();",
							"    const allPlayersAreGKs = responseData.data.every(player => player.player_positions.includes('GK'));",
							"    pm.expect(allPlayersAreGKs).to.be.true;",
							"});",
							"",
							"// Teste 4: Verifica se a lista está ordenada pela pontuação geral (overall)",
							"pm.test(\"A lista está ordenada do maior para o menor (overall)\", function () {",
							"    const responseData = pm.response.json();",
							"    let isSorted = true;",
							"    for (let i = 0; i < responseData.data.length - 1; i++) {",
							"        if (responseData.data[i].overall < responseData.data[i + 1].overall) {",
							"            isSorted = false;",
							"            break;",
							"        }",
							"    }",
							"    pm.expect(isSorted).to.be.true;",
							"});"
						],
						"type": "text/javascript",
						"packages": {}
					}
				}
			],
			"request": {
				"method": "GET",
				"header": [],
				"url": {
					"raw": "{{url_base}}/api/players/top/5?position=GK",
					"host": [
						"{{url_base}}"
					],
					"path": [
						"api",
						"players",
						"top",
						"5"
					],
					"query": [
						{
							"key": "position",
							"value": "GK"
						}
					]
				}
			},
			"response": []
		},
		{
			"name": "TESTE-010 - Melhores Jogadores K por Nacionalidade",
			"event": [
				{
					"listen": "test",
					"script": {
						"exec": [
							"// Este teste verifica se a requisição foi bem-sucedida (código 200).",
							"// Ele irá FALHAR porque a resposta é 404, e essa falha é a prova do bug.",
							"pm.test(\"Status code é 200 OK (ESPERADO)\", function () {",
							"    pm.response.to.have.status(200);",
							"});",
							"",
							"// Este teste verifica que a resposta tem o formato JSON.",
							"// Ele irá FALHAR porque a resposta não é um JSON válido.",
							"pm.test(\"A resposta tem o formato JSON (ESPERADO)\", function () {",
							"    pm.response.json();",
							"    const responseData = pm.response.json();",
							"    pm.expect(responseData).to.be.an('object');",
							"});"
						],
						"type": "text/javascript",
						"packages": {}
					}
				}
			],
			"request": {
				"method": "GET",
				"header": [],
				"url": {
					"raw": "{{url_base}}/api/players/top/5?nationality=Brazil",
					"host": [
						"{{url_base}}"
					],
					"path": [
						"api",
						"players",
						"top",
						"5"
					],
					"query": [
						{
							"key": "nationality",
							"value": "Brazil"
						}
					]
				}
			},
			"response": []
		},
		{
			"name": "TESTE-011 - Listar Melhores Jogadores K por Liga",
			"event": [
				{
					"listen": "test",
					"script": {
						"exec": [
							"// Este teste verifica se a requisição foi bem-sucedida (código 200).",
							"// Ele irá FALHAR porque a resposta é 404, e essa falha é a prova do bug.",
							"pm.test(\"Status code é 200 OK (ESPERADO)\", function () {",
							"    pm.response.to.have.status(200);",
							"});",
							"",
							"// Este teste verifica que a resposta tem o formato JSON.",
							"// Ele irá FALHAR porque a resposta não é um JSON válido.",
							"pm.test(\"A resposta tem o formato JSON (ESPERADO)\", function () {",
							"    pm.response.json();",
							"    const responseData = pm.response.json();",
							"    pm.expect(responseData).to.be.an('object');",
							"});"
						],
						"type": "text/javascript",
						"packages": {}
					}
				}
			],
			"request": {
				"method": "GET",
				"header": [],
				"url": {
					"raw": "{{url_base}}/api/players/top/5?league=Spanish Primera Division",
					"host": [
						"{{url_base}}"
					],
					"path": [
						"api",
						"players",
						"top",
						"5"
					],
					"query": [
						{
							"key": "league",
							"value": "Spanish Primera Division"
						}
					]
				}
			},
			"response": []
		},
		{
			"name": "TESTE-012 - Listar o Melhor Time",
			"event": [
				{
					"listen": "test",
					"script": {
						"exec": [
							"// Teste 1: Verifica se a requisição foi bem-sucedida (Status Code 200)",
							"pm.test(\"Status code is 200 OK\", function () {",
							"    pm.response.to.have.status(200);",
							"});",
							"",
							"// Teste 2: Verifica se a API retorna exatamente 11 jogadores",
							"pm.test(\"A requisição retorna exatamente 11 jogadores\", function () {",
							"    const responseData = pm.response.json();",
							"    pm.expect(responseData.data).to.have.property('entireTeam');",
							"    pm.expect(responseData.data.entireTeam).to.be.an('array');",
							"    pm.expect(responseData.data.entireTeam.length).to.eql(11);",
							"});",
							"",
							"// Teste 3: Verifica se o time é composto por jogadores de ligas diferentes (Confirma o BUG)",
							"pm.test(\"O time contém jogadores de ligas diferentes (BUG CONFIRMADO)\", function () {",
							"    const responseData = pm.response.json();",
							"    const firstPlayerLeague = responseData.data.entireTeam[0].league_name;",
							"    const hasDifferentLeagues = responseData.data.entireTeam.some(",
							"        player => player.league_name !== firstPlayerLeague",
							"    );",
							"    pm.expect(hasDifferentLeagues).to.be.true;",
							"});"
						],
						"type": "text/javascript",
						"packages": {}
					}
				}
			],
			"request": {
				"method": "GET",
				"header": [],
				"url": {
					"raw": "{{url_base}}/api/team/best",
					"host": [
						"{{url_base}}"
					],
					"path": [
						"api",
						"team",
						"best"
					]
				}
			},
			"response": []
		},
		{
			"name": "TESTE-013 - Liste o melhor time por liga",
			"event": [
				{
					"listen": "test",
					"script": {
						"exec": [
							"// Teste 1: Confirma que o status code é 200 OK",
							"pm.test(\"Status code is 200 OK\", function () {",
							"    pm.response.to.have.status(200);",
							"});",
							"",
							"// Teste 2: Confirma que o time retornado tem exatamente 11 jogadores",
							"pm.test(\"O time retornado tem exatamente 11 jogadores\", function () {",
							"    const responseData = pm.response.json();",
							"    pm.expect(responseData.data.entireTeam).to.be.an('array');",
							"    pm.expect(responseData.data.entireTeam.length).to.eql(11);",
							"});",
							"",
							"// Teste 3: Verifica se a liga de todos os jogadores é a 'Spanish Primera Division'",
							"pm.test(\"Todos os jogadores são da 'Spanish Primera Division'\", function () {",
							"    const responseData = pm.response.json();",
							"    const allPlayersAreFromLeague = responseData.data.entireTeam.every(player => player.league_name === 'Spanish Primera Division');",
							"    pm.expect(allPlayersAreFromLeague).to.be.true;",
							"});"
						],
						"type": "text/javascript",
						"packages": {}
					}
				}
			],
			"request": {
				"method": "GET",
				"header": [],
				"url": {
					"raw": "http://localhost:3000/api/team/best",
					"protocol": "http",
					"host": [
						"localhost"
					],
					"port": "3000",
					"path": [
						"api",
						"team",
						"best"
					]
				}
			},
			"response": []
		},
		{
			"name": "TESTE-014 - Listar o Melhor Time por Nacionalidade",
			"event": [
				{
					"listen": "test",
					"script": {
						"exec": [
							"// Este teste verifica se a requisição foi bem-sucedida (código 200).",
							"// Ele irá FALHAR porque a resposta é 404, e essa falha é a prova do bug.",
							"pm.test(\"Status code é 200 OK (ESPERADO)\", function () {",
							"    pm.response.to.have.status(200);",
							"});",
							"",
							"// Este teste verifica que a resposta tem o formato JSON.",
							"// Ele irá FALHAR porque a resposta não é um JSON válido.",
							"pm.test(\"A resposta tem o formato JSON (ESPERADO)\", function () {",
							"    pm.response.json();",
							"    const responseData = pm.response.json();",
							"    pm.expect(responseData).to.be.an('object');",
							"});"
						],
						"type": "text/javascript",
						"packages": {}
					}
				}
			],
			"request": {
				"method": "GET",
				"header": [],
				"url": {
					"raw": "{{url_base}}/api/team/best?nationality=Brazil",
					"host": [
						"{{url_base}}"
					],
					"path": [
						"api",
						"team",
						"best"
					],
					"query": [
						{
							"key": "nationality",
							"value": "Brazil"
						}
					]
				}
			},
			"response": []
		}
	]
}